Tiempo(s),X_real,Y_real,Z_real,X_target,Y_target,Z_target
81.0881,85.74390625077635,1.5032348387809058,179.86014048142533,85.0,2.0,184.0
81.0881,85.74390625077635,1.5032348387809058,179.86014048142533,85.0,2.0,184.0
81.2533,85.13763112145264,1.4985788884949327,177.06426395797948,85.0,2.0,184.0
81.2533,85.13763112145264,1.4985788884949327,177.06426395797948,85.0,2.0,184.0
81.4153,85.18267962023504,1.4989248429315307,177.62573772485933,85.0,2.0,184.0
81.4153,85.18267962023504,1.4989248429315307,177.62573772485933,85.0,2.0,184.0
81.5835,85.55643513539889,1.5017951356642252,179.0974469820769,85.0,2.0,184.0
81.5835,85.55643513539889,1.5017951356642252,179.0974469820769,85.0,2.0,184.0
81.7473,85.78751706932755,1.5035697524088678,180.44120761659684,85.0,2.0,184.0
81.7473,85.78751706932755,1.5035697524088678,180.44120761659684,85.0,2.0,184.0
81.9136,85.3714195743631,1.500374290221868,178.36111940184813,85.0,2.0,184.0
81.9136,85.3714195743631,1.500374290221868,178.36111940184813,85.0,2.0,184.0
82.077,85.18267962023504,1.4989248429315307,177.62573772485933,85.0,2.0,184.0
82.077,85.18267962023504,1.4989248429315307,177.62573772485933,85.0,2.0,184.0
82.2395,84.9835172909689,1.4973953559724729,176.86601350314112,85.0,2.0,184.0
82.2395,84.9835172909689,1.4973953559724729,176.86601350314112,85.0,2.0,184.0
82.4021,85.55643513539889,1.5017951356642252,179.0974469820769,85.0,2.0,184.0
82.4021,85.55643513539889,1.5017951356642252,179.0974469820769,85.0,2.0,184.0
82.5635,85.18267962023504,1.4989248429315307,177.62573772485933,85.0,2.0,184.0
82.5635,85.18267962023504,1.4989248429315307,177.62573772485933,85.0,2.0,184.0
82.7265,85.18267962023504,1.4989248429315307,177.62573772485933,85.0,2.0,184.0
82.7265,85.18267962023504,1.4989248429315307,177.62573772485933,85.0,2.0,184.0
82.8948,85.18267962023504,1.4989248429315307,177.62573772485933,85.0,2.0,184.0
82.8948,85.18267962023504,1.4989248429315307,177.62573772485933,85.0,2.0,184.0
83.059,85.3714195743631,1.500374290221868,178.36111940184813,85.0,2.0,184.0
83.059,85.3714195743631,1.500374290221868,178.36111940184813,85.0,2.0,184.0
83.2201,85.18267962023504,1.4989248429315307,177.62573772485933,85.0,2.0,184.0
83.2201,85.18267962023504,1.4989248429315307,177.62573772485933,85.0,2.0,184.0
83.3829,85.45429503209004,1.5010107405600739,179.504094425385,85.0,2.0,184.0
83.3829,85.45429503209004,1.5010107405600739,179.504094425385,85.0,2.0,184.0
83.5473,85.55643513539889,1.5017951356642252,179.0974469820769,85.0,2.0,184.0
83.5473,85.55643513539889,1.5017951356642252,179.0974469820769,85.0,2.0,184.0
83.7121,85.3714195743631,1.500374290221868,178.36111940184813,85.0,2.0,184.0
83.7121,85.3714195743631,1.500374290221868,178.36111940184813,85.0,2.0,184.0
83.878,84.94517160942345,1.4971008764889477,176.32984702343714,85.0,2.0,184.0
83.878,84.94517160942345,1.4971008764889477,176.32984702343714,85.0,2.0,184.0
84.0406,84.9835172909689,1.4973953559724729,176.86601350314112,85.0,2.0,184.0
84.0406,84.9835172909689,1.4973953559724729,176.86601350314112,85.0,2.0,184.0
84.2024,85.3714195743631,1.500374290221868,178.36111940184813,85.0,2.0,184.0
84.2024,85.3714195743631,1.500374290221868,178.36111940184813,85.0,2.0,184.0
84.3645,85.3714195743631,1.500374290221868,178.36111940184813,85.0,2.0,184.0
84.3645,85.3714195743631,1.500374290221868,178.36111940184813,85.0,2.0,184.0
84.5273,85.18267962023504,1.4989248429315307,177.62573772485933,85.0,2.0,184.0
84.5273,85.18267962023504,1.4989248429315307,177.62573772485933,85.0,2.0,184.0
84.6908,84.9835172909689,1.4973953559724729,176.86601350314112,85.0,2.0,184.0
84.6908,84.9835172909689,1.4973953559724729,176.86601350314112,85.0,2.0,184.0
84.8557,85.3714195743631,1.500374290221868,178.36111940184813,85.0,2.0,184.0
84.8557,85.3714195743631,1.500374290221868,178.36111940184813,85.0,2.0,184.0
85.0176,85.18267962023504,1.4989248429315307,177.62573772485933,85.0,2.0,184.0
85.0176,85.18267962023504,1.4989248429315307,177.62573772485933,85.0,2.0,184.0
85.179,85.55643513539889,1.5017951356642252,179.0974469820769,85.0,2.0,184.0
85.179,85.55643513539889,1.5017951356642252,179.0974469820769,85.0,2.0,184.0
85.3423,85.3714195743631,1.500374290221868,178.36111940184813,85.0,2.0,184.0
85.3423,85.3714195743631,1.500374290221868,178.36111940184813,85.0,2.0,184.0
85.5054,85.55643513539889,1.5017951356642252,179.0974469820769,85.0,2.0,184.0
85.5054,85.55643513539889,1.5017951356642252,179.0974469820769,85.0,2.0,184.0
85.6716,85.18267962023504,1.4989248429315307,177.62573772485933,85.0,2.0,184.0
85.6716,85.18267962023504,1.4989248429315307,177.62573772485933,85.0,2.0,184.0
85.8343,84.78721515000873,1.4958878341145991,176.13261437656345,85.0,2.0,184.0
85.8343,84.78721515000873,1.4958878341145991,176.13261437656345,85.0,2.0,184.0
85.9953,85.18267962023504,1.4989248429315307,177.62573772485933,85.0,2.0,184.0
85.9953,85.18267962023504,1.4989248429315307,177.62573772485933,85.0,2.0,184.0
86.1577,84.9835172909689,1.4973953559724729,176.86601350314112,85.0,2.0,184.0
86.1577,84.9835172909689,1.4973953559724729,176.86601350314112,85.0,2.0,184.0
86.3194,85.3714195743631,1.500374290221868,178.36111940184813,85.0,2.0,184.0
86.3194,85.3714195743631,1.500374290221868,178.36111940184813,85.0,2.0,184.0
86.4815,85.18267962023504,1.4989248429315307,177.62573772485933,85.0,2.0,184.0
86.4815,85.18267962023504,1.4989248429315307,177.62573772485933,85.0,2.0,184.0
86.6459,85.18267962023504,1.4989248429315307,177.62573772485933,85.0,2.0,184.0
86.6459,85.18267962023504,1.4989248429315307,177.62573772485933,85.0,2.0,184.0
86.8078,85.3714195743631,1.500374290221868,178.36111940184813,85.0,2.0,184.0
86.8078,85.3714195743631,1.500374290221868,178.36111940184813,85.0,2.0,184.0
86.9715,85.18267962023504,1.4989248429315307,177.62573772485933,85.0,2.0,184.0
86.9715,85.18267962023504,1.4989248429315307,177.62573772485933,85.0,2.0,184.0
87.1336,84.9835172909689,1.4973953559724729,176.86601350314112,85.0,2.0,184.0
87.1336,84.9835172909689,1.4973953559724729,176.86601350314112,85.0,2.0,184.0
87.2947,85.55643513539889,1.5017951356642252,179.0974469820769,85.0,2.0,184.0
87.2947,85.55643513539889,1.5017951356642252,179.0974469820769,85.0,2.0,184.0
87.4566,85.18267962023504,1.4989248429315307,177.62573772485933,85.0,2.0,184.0
87.4566,85.18267962023504,1.4989248429315307,177.62573772485933,85.0,2.0,184.0
87.618,85.18267962023504,1.4989248429315307,177.62573772485933,85.0,2.0,184.0
87.618,85.18267962023504,1.4989248429315307,177.62573772485933,85.0,2.0,184.0
87.7801,85.3714195743631,1.500374290221868,178.36111940184813,85.0,2.0,184.0
87.7801,85.3714195743631,1.500374290221868,178.36111940184813,85.0,2.0,184.0
87.9447,85.3714195743631,1.500374290221868,178.36111940184813,85.0,2.0,184.0
87.9447,85.3714195743631,1.500374290221868,178.36111940184813,85.0,2.0,184.0
88.1059,84.78721515000873,1.4958878341145991,176.13261437656345,85.0,2.0,184.0
88.1059,84.78721515000873,1.4958878341145991,176.13261437656345,85.0,2.0,184.0
88.2682,85.3714195743631,1.500374290221868,178.36111940184813,85.0,2.0,184.0
88.2682,85.3714195743631,1.500374290221868,178.36111940184813,85.0,2.0,184.0
88.4321,85.18267962023504,1.4989248429315307,177.62573772485933,85.0,2.0,184.0
88.4321,85.18267962023504,1.4989248429315307,177.62573772485933,85.0,2.0,184.0
88.595,84.54215508348071,1.4940058709073925,174.83874447678994,85.0,2.0,184.0
88.595,84.54215508348071,1.4940058709073925,174.83874447678994,85.0,2.0,184.0
88.7561,85.55643513539889,1.5017951356642252,179.0974469820769,85.0,2.0,184.0
88.7561,85.55643513539889,1.5017951356642252,179.0974469820769,85.0,2.0,184.0
88.9177,85.55643513539889,1.5017951356642252,179.0974469820769,85.0,2.0,184.0
88.9177,85.55643513539889,1.5017951356642252,179.0974469820769,85.0,2.0,184.0
89.0812,85.18267962023504,1.4989248429315307,177.62573772485933,85.0,2.0,184.0
89.0812,85.18267962023504,1.4989248429315307,177.62573772485933,85.0,2.0,184.0
89.2474,85.3714195743631,1.500374290221868,178.36111940184813,85.0,2.0,184.0
89.2474,85.3714195743631,1.500374290221868,178.36111940184813,85.0,2.0,184.0
89.4089,85.3714195743631,1.500374290221868,178.36111940184813,85.0,2.0,184.0
89.4089,85.3714195743631,1.500374290221868,178.36111940184813,85.0,2.0,184.0
89.5706,85.18267962023504,1.4989248429315307,177.62573772485933,85.0,2.0,184.0
89.5706,85.18267962023504,1.4989248429315307,177.62573772485933,85.0,2.0,184.0
89.7322,84.9835172909689,1.4973953559724729,176.86601350314112,85.0,2.0,184.0
89.7322,84.9835172909689,1.4973953559724729,176.86601350314112,85.0,2.0,184.0
89.8941,85.55643513539889,1.5017951356642252,179.0974469820769,85.0,2.0,184.0
89.8941,85.55643513539889,1.5017951356642252,179.0974469820769,85.0,2.0,184.0
90.0595,85.18267962023504,1.4989248429315307,177.62573772485933,85.0,2.0,184.0
90.0595,85.18267962023504,1.4989248429315307,177.62573772485933,85.0,2.0,184.0
90.2218,85.3714195743631,1.500374290221868,178.36111940184813,85.0,2.0,184.0
90.2218,85.3714195743631,1.500374290221868,178.36111940184813,85.0,2.0,184.0
90.3828,85.13763112145264,1.4985788884949327,177.06426395797948,85.0,2.0,184.0
90.3828,85.13763112145264,1.4985788884949327,177.06426395797948,85.0,2.0,184.0
90.5448,85.18267962023504,1.4989248429315307,177.62573772485933,85.0,2.0,184.0
90.5448,85.18267962023504,1.4989248429315307,177.62573772485933,85.0,2.0,184.0
90.7069,85.74390625077635,1.5032348387809058,179.86014048142533,85.0,2.0,184.0
90.7069,85.74390625077635,1.5032348387809058,179.86014048142533,85.0,2.0,184.0
90.8688,85.3714195743631,1.500374290221868,178.36111940184813,85.0,2.0,184.0
90.8688,85.3714195743631,1.500374290221868,178.36111940184813,85.0,2.0,184.0
91.0308,85.3714195743631,1.500374290221868,178.36111940184813,85.0,2.0,184.0
91.0308,85.3714195743631,1.500374290221868,178.36111940184813,85.0,2.0,184.0
91.1914,84.9835172909689,1.4973953559724729,176.86601350314112,85.0,2.0,184.0
91.1914,84.9835172909689,1.4973953559724729,176.86601350314112,85.0,2.0,184.0
91.3531,85.3714195743631,1.500374290221868,178.36111940184813,85.0,2.0,184.0
91.3531,85.3714195743631,1.500374290221868,178.36111940184813,85.0,2.0,184.0
91.5147,85.18267962023504,1.4989248429315307,177.62573772485933,85.0,2.0,184.0
91.5147,85.18267962023504,1.4989248429315307,177.62573772485933,85.0,2.0,184.0
91.6774,84.9835172909689,1.4973953559724729,176.86601350314112,85.0,2.0,184.0
91.6774,84.9835172909689,1.4973953559724729,176.86601350314112,85.0,2.0,184.0
91.8424,85.73302301644182,1.50315125989805,178.67936470766642,85.0,2.0,184.0
91.8424,85.73302301644182,1.50315125989805,178.67936470766642,85.0,2.0,184.0
92.0085,85.18267962023504,1.4989248429315307,177.62573772485933,85.0,2.0,184.0
92.0085,85.18267962023504,1.4989248429315307,177.62573772485933,85.0,2.0,184.0
92.1746,84.9835172909689,1.4973953559724729,176.86601350314112,85.0,2.0,184.0
92.1746,84.9835172909689,1.4973953559724729,176.86601350314112,85.0,2.0,184.0
92.3405,85.18267962023504,1.4989248429315307,177.62573772485933,85.0,2.0,184.0
92.3405,85.18267962023504,1.4989248429315307,177.62573772485933,85.0,2.0,184.0
92.5035,85.18267962023504,1.4989248429315307,177.62573772485933,85.0,2.0,184.0
92.5035,85.18267962023504,1.4989248429315307,177.62573772485933,85.0,2.0,184.0
92.6741,85.3714195743631,1.500374290221868,178.36111940184813,85.0,2.0,184.0
92.6741,85.3714195743631,1.500374290221868,178.36111940184813,85.0,2.0,184.0
92.8365,85.3714195743631,1.500374290221868,178.36111940184813,85.0,2.0,184.0
92.8365,85.3714195743631,1.500374290221868,178.36111940184813,85.0,2.0,184.0
93.0028,85.18267962023504,1.4989248429315307,177.62573772485933,85.0,2.0,184.0
93.0028,85.18267962023504,1.4989248429315307,177.62573772485933,85.0,2.0,184.0
93.164,85.55643513539889,1.5017951356642252,179.0974469820769,85.0,2.0,184.0
93.164,85.55643513539889,1.5017951356642252,179.0974469820769,85.0,2.0,184.0
93.3285,85.18267962023504,1.4989248429315307,177.62573772485933,85.0,2.0,184.0
93.3285,85.18267962023504,1.4989248429315307,177.62573772485933,85.0,2.0,184.0
93.4901,85.18267962023504,1.4989248429315307,177.62573772485933,85.0,2.0,184.0
93.4901,85.18267962023504,1.4989248429315307,177.62573772485933,85.0,2.0,184.0
93.652,85.3714195743631,1.500374290221868,178.36111940184813,85.0,2.0,184.0
93.652,85.3714195743631,1.500374290221868,178.36111940184813,85.0,2.0,184.0
93.8156,85.3714195743631,1.500374290221868,178.36111940184813,85.0,2.0,184.0
93.8156,85.3714195743631,1.500374290221868,178.36111940184813,85.0,2.0,184.0
93.9797,84.9835172909689,1.4973953559724729,176.86601350314112,85.0,2.0,184.0
93.9797,84.9835172909689,1.4973953559724729,176.86601350314112,85.0,2.0,184.0
94.1413,85.18267962023504,1.4989248429315307,177.62573772485933,85.0,2.0,184.0
94.1413,85.18267962023504,1.4989248429315307,177.62573772485933,85.0,2.0,184.0
94.3026,85.18267962023504,1.4989248429315307,177.62573772485933,85.0,2.0,184.0
94.3026,85.18267962023504,1.4989248429315307,177.62573772485933,85.0,2.0,184.0
94.4666,85.3714195743631,1.500374290221868,178.36111940184813,85.0,2.0,184.0
94.4666,85.3714195743631,1.500374290221868,178.36111940184813,85.0,2.0,184.0
94.632,85.3714195743631,1.500374290221868,178.36111940184813,85.0,2.0,184.0
94.632,85.3714195743631,1.500374290221868,178.36111940184813,85.0,2.0,184.0
94.7942,85.18267962023504,1.4989248429315307,177.62573772485933,85.0,2.0,184.0
94.7942,85.18267962023504,1.4989248429315307,177.62573772485933,85.0,2.0,184.0
94.9555,84.9835172909689,1.4973953559724729,176.86601350314112,85.0,2.0,184.0
94.9555,84.9835172909689,1.4973953559724729,176.86601350314112,85.0,2.0,184.0
95.1189,85.18267962023504,1.4989248429315307,177.62573772485933,85.0,2.0,184.0
95.1189,85.18267962023504,1.4989248429315307,177.62573772485933,85.0,2.0,184.0
95.283,85.18267962023504,1.4989248429315307,177.62573772485933,85.0,2.0,184.0
95.283,85.18267962023504,1.4989248429315307,177.62573772485933,85.0,2.0,184.0
95.4441,85.3714195743631,1.500374290221868,178.36111940184813,85.0,2.0,184.0
95.4441,85.3714195743631,1.500374290221868,178.36111940184813,85.0,2.0,184.0
95.6092,85.3714195743631,1.500374290221868,178.36111940184813,85.0,2.0,184.0
95.6092,85.3714195743631,1.500374290221868,178.36111940184813,85.0,2.0,184.0
95.7733,85.18267962023504,1.4989248429315307,177.62573772485933,85.0,2.0,184.0
95.7733,85.18267962023504,1.4989248429315307,177.62573772485933,85.0,2.0,184.0
95.9355,84.9835172909689,1.4973953559724729,176.86601350314112,85.0,2.0,184.0
95.9355,84.9835172909689,1.4973953559724729,176.86601350314112,85.0,2.0,184.0
96.1008,85.18267962023504,1.4989248429315307,177.62573772485933,85.0,2.0,184.0
96.1008,85.18267962023504,1.4989248429315307,177.62573772485933,85.0,2.0,184.0
96.2621,85.18267962023504,1.4989248429315307,177.62573772485933,85.0,2.0,184.0
96.2621,85.18267962023504,1.4989248429315307,177.62573772485933,85.0,2.0,184.0
96.4242,85.3714195743631,1.500374290221868,178.36111940184813,85.0,2.0,184.0
96.4242,85.3714195743631,1.500374290221868,178.36111940184813,85.0,2.0,184.0
96.5908,85.3714195743631,1.500374290221868,178.36111940184813,85.0,2.0,184.0
96.5908,85.3714195743631,1.500374290221868,178.36111940184813,85.0,2.0,184.0
96.7523,85.18267962023504,1.4989248429315307,177.62573772485933,85.0,2.0,184.0
96.7523,85.18267962023504,1.4989248429315307,177.62573772485933,85.0,2.0,184.0
96.9138,84.9835172909689,1.4973953559724729,176.86601350314112,85.0,2.0,184.0
96.9138,84.9835172909689,1.4973953559724729,176.86601350314112,85.0,2.0,184.0
97.0754,85.3714195743631,1.500374290221868,178.36111940184813,85.0,2.0,184.0
97.0754,85.3714195743631,1.500374290221868,178.36111940184813,85.0,2.0,184.0
97.2404,85.18267962023504,1.4989248429315307,177.62573772485933,85.0,2.0,184.0
97.2404,85.18267962023504,1.4989248429315307,177.62573772485933,85.0,2.0,184.0
97.4038,84.78721515000873,1.4958878341145991,176.13261437656345,96.0,99.0,110.0
97.4038,84.78721515000873,1.4958878341145991,176.13261437656345,96.0,99.0,110.0
97.5653,85.25067977619531,1.4994470569071272,179.3497087185279,96.0,99.0,110.0
97.5653,85.25067977619531,1.4994470569071272,179.3497087185279,96.0,99.0,110.0
97.7305,89.02677414733625,21.972760428732823,173.02346857301697,96.0,99.0,110.0
97.7305,89.02677414733625,21.972760428732823,173.02346857301697,96.0,99.0,110.0
97.8941,84.5186251137506,46.12566630554318,143.1388911199178,96.0,99.0,110.0
97.8941,84.5186251137506,46.12566630554318,143.1388911199178,96.0,99.0,110.0
98.055,77.75362884388417,71.95909486843611,124.77696038814287,96.0,99.0,110.0
98.055,77.75362884388417,71.95909486843611,124.77696038814287,96.0,99.0,110.0
98.2211,91.2953340446818,97.96093615015094,156.9514817650936,96.0,99.0,110.0
98.2211,91.2953340446818,97.96093615015094,156.9514817650936,96.0,99.0,110.0
98.3828,91.151875134363,96.63496116841061,112.8158498724154,96.0,99.0,110.0
98.3828,91.151875134363,96.63496116841061,112.8158498724154,96.0,99.0,110.0
98.5446,87.52591341147158,94.89302030877057,94.419104088013,96.0,99.0,110.0
98.5446,87.52591341147158,94.89302030877057,94.419104088013,96.0,99.0,110.0
98.7067,87.46445619682683,94.86349577390484,95.09369433562692,96.0,99.0,110.0
98.7067,87.46445619682683,94.86349577390484,95.09369433562692,96.0,99.0,110.0
98.8691,87.74800884873483,94.9997167238116,93.6646395217633,96.0,99.0,110.0
98.8691,87.74800884873483,94.9997167238116,93.6646395217633,96.0,99.0,110.0
99.0305,89.20791638149129,95.70106791749625,96.08032023674657,96.0,99.0,110.0
99.0305,89.20791638149129,95.70106791749625,96.08032023674657,96.0,99.0,110.0
99.1926,89.93631254252551,96.05099522833909,97.39668212223897,96.0,99.0,110.0
99.1926,89.93631254252551,96.05099522833909,97.39668212223897,96.0,99.0,110.0
99.3552,90.6404165303912,96.3892523859245,98.69877629359878,96.0,99.0,110.0
99.3552,90.6404165303912,96.3892523859245,98.69877629359878,96.0,99.0,110.0
99.5161,91.0822434695163,96.60150956263234,98.86254126673403,96.0,99.0,110.0
99.5161,91.0822434695163,96.60150956263234,98.86254126673403,96.0,99.0,110.0
99.677,91.76844537188879,96.93116641591875,100.17634599717815,96.0,99.0,110.0
99.677,91.76844537188879,96.93116641591875,100.17634599717815,96.0,99.0,110.0
99.8405,92.11866412545373,97.09941429145356,100.85890613579134,96.0,99.0,110.0
99.8405,92.11866412545373,97.09941429145356,100.85890613579134,96.0,99.0,110.0
100.0028,92.11866412545373,97.09941429145356,100.85890613579134,96.0,99.0,110.0
100.0028,92.11866412545373,97.09941429145356,100.85890613579134,96.0,99.0,110.0
100.1651,92.20756165977534,97.14212137420581,100.38450235587133,96.0,99.0,110.0
100.1651,92.20756165977534,97.14212137420581,100.38450235587133,96.0,99.0,110.0
100.3262,92.54303986830843,97.30328777463231,101.04623556873416,96.0,99.0,110.0
100.3262,92.54303986830843,97.30328777463231,101.04623556873416,96.0,99.0,110.0
100.4887,92.54303986830843,97.30328777463231,101.04623556873416,96.0,99.0,110.0
100.4887,92.54303986830843,97.30328777463231,101.04623556873416,96.0,99.0,110.0
100.6496,92.88690470805943,97.46848317941948,101.73276037965833,96.0,99.0,110.0
100.6496,92.88690470805943,97.46848317941948,101.73276037965833,96.0,99.0,110.0
100.8116,91.18491182044409,96.65083225524212,99.31918798647915,96.0,99.0,110.0
100.8116,91.18491182044409,96.65083225524212,99.31918798647915,96.0,99.0,110.0
100.9749,91.533233512995,96.81816876757286,99.75532044500274,96.0,99.0,110.0
100.9749,91.533233512995,96.81816876757286,99.75532044500274,96.0,99.0,110.0
101.1409,90.16055173429231,96.1587215200992,97.5552287817377,96.0,99.0,110.0
101.1409,90.16055173429231,96.1587215200992,97.5552287817377,96.0,99.0,110.0
101.3082,91.84678980748888,96.9688037060853,100.64826332226328,96.0,99.0,110.0
101.3082,91.84678980748888,96.9688037060853,100.64826332226328,96.0,99.0,110.0
101.4702,91.17870360055616,96.6478497770157,99.56313064959677,96.0,99.0,110.0
101.4702,91.17870360055616,96.6478497770157,99.56313064959677,96.0,99.0,110.0
101.6317,91.07322371463368,96.59717640062604,97.48614837726318,96.0,99.0,110.0
101.6317,91.07322371463368,96.59717640062604,97.48614837726318,96.0,99.0,110.0
101.7929,92.07268477692608,97.07732544661155,99.50557504442473,96.0,99.0,110.0
101.7929,92.07268477692608,97.07732544661155,99.50557504442473,96.0,99.0,110.0
101.9566,92.07268477692608,97.07732544661155,99.50557504442473,96.0,99.0,110.0
101.9566,92.07268477692608,97.07732544661155,99.50557504442473,96.0,99.0,110.0
102.1197,92.72707121981506,97.39169790003994,100.86894111696313,96.0,99.0,110.0
102.1197,92.72707121981506,97.39169790003994,100.86894111696313,96.0,99.0,110.0
102.2839,92.06068849446478,97.07156233707536,99.78597124765548,96.0,99.0,110.0
102.2839,92.06068849446478,97.07156233707536,99.78597124765548,96.0,99.0,110.0
102.4455,91.68936587200676,96.89317599502304,99.33880499994429,96.0,99.0,110.0
102.4455,91.68936587200676,96.89317599502304,99.33880499994429,96.0,99.0,110.0
102.6075,92.00953760997118,97.04698904521085,100.00980625615288,96.0,99.0,110.0
102.6075,92.00953760997118,97.04698904521085,100.00980625615288,96.0,99.0,110.0
102.7707,92.00953760997118,97.04698904521085,100.00980625615288,96.0,99.0,110.0
102.7707,92.00953760997118,97.04698904521085,100.00980625615288,96.0,99.0,110.0
102.935,91.83175361773658,96.96158020090115,98.43630469825507,96.0,99.0,110.0
102.935,91.83175361773658,96.96158020090115,98.43630469825507,96.0,99.0,110.0
103.096,92.1518197886322,97.11534253582921,99.10736793867153,96.0,99.0,110.0
103.096,92.1518197886322,97.11534253582921,99.10736793867153,96.0,99.0,110.0
103.2589,92.1518197886322,97.11534253582921,99.10736793867153,96.0,99.0,110.0
103.2589,92.1518197886322,97.11534253582921,99.10736793867153,96.0,99.0,110.0
103.4214,92.12587098150937,97.10287652244004,99.39947765484787,96.0,99.0,110.0
103.4214,92.12587098150937,97.10287652244004,99.39947765484787,96.0,99.0,110.0
103.5827,91.79799420957082,96.94536191263022,98.70339228945517,96.0,99.0,110.0
103.5827,91.79799420957082,96.94536191263022,98.70339228945517,96.0,99.0,110.0
103.7439,91.07247673826672,96.59681754723644,97.88767059967603,96.0,99.0,110.0
103.7439,91.07247673826672,96.59681754723644,97.88767059967603,96.0,99.0,110.0
103.906,91.77020688768783,96.93201266212316,98.99749398425313,96.0,99.0,110.0
103.906,91.77020688768783,96.93201266212316,98.99749398425313,96.0,99.0,110.0
104.0691,91.71417407714401,96.90509405414377,99.258440027562,96.0,99.0,110.0
104.0691,91.71417407714401,96.90509405414377,99.258440027562,96.0,99.0,110.0
104.231,92.3914153566239,97.23044615290232,100.1400089649728,96.0,99.0,110.0
104.231,92.3914153566239,97.23044615290232,100.1400089649728,96.0,99.0,110.0
104.3966,91.08708233833659,96.6038341937114,97.6916737683892,96.0,99.0,110.0
104.3966,91.08708233833659,96.6038341937114,97.6916737683892,96.0,99.0,110.0
104.5584,92.33471644351644,97.20320754395189,100.42409529287332,96.0,99.0,110.0
104.5584,92.33471644351644,97.20320754395189,100.42409529287332,96.0,99.0,110.0
104.7205,91.72251763408119,96.90910236527729,99.06602890161024,96.0,99.0,110.0
104.7205,91.72251763408119,96.90910236527729,99.06602890161024,96.0,99.0,110.0
104.8858,92.94472396536415,97.49626001063567,101.81255839246215,96.0,99.0,110.0
104.8858,92.94472396536415,97.49626001063567,101.81255839246215,96.0,99.0,110.0
105.0482,91.98211234349111,97.03381372899983,100.05379759261406,96.0,99.0,110.0
105.0482,91.98211234349111,97.03381372899983,100.05379759261406,96.0,99.0,110.0
105.2114,91.71424266108662,95.65156594488576,99.23551778191143,96.0,99.0,110.0
105.2114,91.71424266108662,95.65156594488576,99.23551778191143,96.0,99.0,110.0
105.3739,91.21664654152002,96.66607786772678,99.10585132028287,96.0,99.0,110.0
105.3739,91.21664654152002,96.66607786772678,99.10585132028287,96.0,99.0,110.0
105.536,91.58686880837723,96.8439355901941,99.4913177669457,96.0,99.0,110.0
105.536,91.58686880837723,96.8439355901941,99.4913177669457,96.0,99.0,110.0
105.699,92.7709089879497,97.41275791262284,102.25834806665614,96.0,99.0,110.0
105.699,92.7709089879497,97.41275791262284,102.25834806665614,96.0,99.0,110.0
105.8631,92.19031499080907,97.13383593722081,100.88330526601402,96.0,99.0,110.0
105.8631,92.19031499080907,97.13383593722081,100.88330526601402,96.0,99.0,110.0
106.0262,92.4543425407613,97.26067687280734,101.44914132453162,96.0,99.0,110.0
106.0262,92.4543425407613,97.26067687280734,101.44914132453162,96.0,99.0,110.0
106.1926,91.21324691219914,96.66444465875377,98.48634554245116,96.0,99.0,110.0
106.1926,91.21324691219914,96.66444465875377,98.48634554245116,96.0,99.0,110.0
106.3578,91.8381382299913,96.96464741942395,99.41220239038776,96.0,99.0,110.0
106.3578,91.8381382299913,96.96464741942395,99.41220239038776,96.0,99.0,110.0
106.521,92.42246361926513,97.24536198529354,100.81419450014401,96.0,99.0,110.0
106.521,92.42246361926513,97.24536198529354,100.81419450014401,96.0,99.0,110.0
106.6827,92.13687903743383,97.1081648800857,100.12424560132945,96.0,99.0,110.0
106.6827,92.13687903743383,97.1081648800857,100.12424560132945,96.0,99.0,110.0
106.8449,93.10485816949398,97.57318975631904,101.91957435424283,96.0,99.0,110.0
106.8449,93.10485816949398,97.57318975631904,101.91957435424283,96.0,99.0,110.0
107.007,92.6670811681526,97.36287820194357,101.95153270803533,96.0,99.0,110.0
107.007,92.6670811681526,97.36287820194357,101.95153270803533,96.0,99.0,110.0
107.169,92.42246361926513,97.24536198529354,100.81419450014401,96.0,99.0,110.0
107.169,92.42246361926513,97.24536198529354,100.81419450014401,96.0,99.0,110.0
107.3307,92.6670811681526,97.36287820194357,101.95153270803533,96.0,99.0,110.0
107.3307,92.6670811681526,97.36287820194357,101.95153270803533,96.0,99.0,110.0
107.4919,92.42246361926513,97.24536198529354,100.81419450014401,96.0,99.0,110.0
107.4919,92.42246361926513,97.24536198529354,100.81419450014401,96.0,99.0,110.0
107.6551,92.42246361926513,97.24536198529354,100.81419450014401,96.0,99.0,110.0
107.6551,92.42246361926513,97.24536198529354,100.81419450014401,96.0,99.0,110.0
107.8168,91.7578652551268,96.92608364365144,99.74944264779134,96.0,99.0,110.0
107.8168,91.7578652551268,96.92608364365144,99.74944264779134,96.0,99.0,110.0
107.9792,92.42246361926513,97.24536198529354,100.81419450014401,96.0,99.0,110.0
107.9792,92.42246361926513,97.24536198529354,100.81419450014401,96.0,99.0,110.0
108.141,92.42246361926513,97.24536198529354,100.81419450014401,96.0,99.0,110.0
108.141,92.42246361926513,97.24536198529354,100.81419450014401,96.0,99.0,110.0
108.3034,92.42246361926513,97.24536198529354,100.81419450014401,96.0,99.0,110.0
108.3034,92.42246361926513,97.24536198529354,100.81419450014401,96.0,99.0,110.0
108.4658,92.42246361926513,97.24536198529354,100.81419450014401,96.0,99.0,110.0
108.4658,92.42246361926513,97.24536198529354,100.81419450014401,96.0,99.0,110.0
108.6287,92.42246361926513,97.24536198529354,100.81419450014401,96.0,99.0,110.0
108.6287,92.42246361926513,97.24536198529354,100.81419450014401,96.0,99.0,110.0
108.7908,92.42246361926513,97.24536198529354,100.81419450014401,96.0,99.0,110.0
108.7908,92.42246361926513,97.24536198529354,100.81419450014401,96.0,99.0,110.0
108.9569,92.42246361926513,97.24536198529354,100.81419450014401,96.0,99.0,110.0
108.9569,92.42246361926513,97.24536198529354,100.81419450014401,96.0,99.0,110.0
109.1187,92.42246361926513,97.24536198529354,100.81419450014401,96.0,99.0,110.0
109.1187,92.42246361926513,97.24536198529354,100.81419450014401,96.0,99.0,110.0
109.282,92.42246361926513,97.24536198529354,100.81419450014401,96.0,99.0,110.0
109.282,92.42246361926513,97.24536198529354,100.81419450014401,96.0,99.0,110.0
109.4444,91.7578652551268,96.92608364365144,99.74944264779134,96.0,99.0,110.0
109.4444,91.7578652551268,96.92608364365144,99.74944264779134,96.0,99.0,110.0
109.6075,92.42246361926513,97.24536198529354,100.81419450014401,96.0,99.0,110.0
109.6075,92.42246361926513,97.24536198529354,100.81419450014401,96.0,99.0,110.0
109.7725,92.42246361926513,97.24536198529354,100.81419450014401,96.0,99.0,110.0
109.7725,92.42246361926513,97.24536198529354,100.81419450014401,96.0,99.0,110.0
109.9336,93.34442393348368,97.68827905531246,103.0607301901662,96.0,99.0,110.0
109.9336,93.34442393348368,97.68827905531246,103.0607301901662,96.0,99.0,110.0
110.0971,93.10485816949398,97.57318975631904,101.91957435424283,96.0,99.0,110.0
110.0971,93.10485816949398,97.57318975631904,101.91957435424283,96.0,99.0,110.0
110.2602,93.19518799059051,96.35382047077869,101.50573817799383,96.0,99.0,110.0
110.2602,93.19518799059051,96.35382047077869,101.50573817799383,96.0,99.0,110.0
110.4234,92.42246361926513,97.24536198529354,100.81419450014401,96.0,99.0,110.0
110.4234,92.42246361926513,97.24536198529354,100.81419450014401,96.0,99.0,110.0
110.5855,92.42246361926513,97.24536198529354,100.81419450014401,96.0,99.0,110.0
110.5855,92.42246361926513,97.24536198529354,100.81419450014401,96.0,99.0,110.0
110.7481,93.38402368374605,97.70730309039206,102.61274915998001,96.0,99.0,110.0
110.7481,93.38402368374605,97.70730309039206,102.61274915998001,96.0,99.0,110.0
110.913,92.42246361926513,97.24536198529354,100.81419450014401,96.0,99.0,110.0
110.913,92.42246361926513,97.24536198529354,100.81419450014401,96.0,99.0,110.0
111.0738,92.70489680817784,97.38104513627096,101.50573817799383,96.0,99.0,110.0
111.0738,92.70489680817784,97.38104513627096,101.50573817799383,96.0,99.0,110.0
111.2397,92.42246361926513,97.24536198529354,100.81419450014401,96.0,99.0,110.0
111.2397,92.42246361926513,97.24536198529354,100.81419450014401,96.0,99.0,110.0
111.3994,92.70489680817784,97.38104513627096,101.50573817799383,96.0,99.0,110.0
111.3994,92.70489680817784,97.38104513627096,101.50573817799383,96.0,99.0,110.0
111.5663,92.70489680817784,97.38104513627096,101.50573817799383,96.0,99.0,110.0
111.5663,92.70489680817784,97.38104513627096,101.50573817799383,96.0,99.0,110.0
111.7318,92.70489680817784,97.38104513627096,101.50573817799383,96.0,99.0,110.0
111.7318,92.70489680817784,97.38104513627096,101.50573817799383,96.0,99.0,110.0
111.9037,92.70489680817784,97.38104513627096,101.50573817799383,96.0,99.0,110.0
111.9037,92.70489680817784,97.38104513627096,101.50573817799383,96.0,99.0,110.0
112.0652,92.70489680817784,97.38104513627096,101.50573817799383,96.0,99.0,110.0
112.0652,92.70489680817784,97.38104513627096,101.50573817799383,96.0,99.0,110.0
112.227,92.70489680817784,97.38104513627096,101.50573817799383,96.0,99.0,110.0
112.227,92.70489680817784,97.38104513627096,101.50573817799383,96.0,99.0,110.0
112.389,92.70489680817784,97.38104513627096,101.50573817799383,96.0,99.0,110.0
112.389,92.70489680817784,97.38104513627096,101.50573817799383,96.0,99.0,110.0
112.5557,91.7578652551268,96.92608364365144,99.74944264779134,96.0,99.0,110.0
112.5557,91.7578652551268,96.92608364365144,99.74944264779134,96.0,99.0,110.0
112.7161,92.70489680817784,97.38104513627096,101.50573817799383,96.0,99.0,110.0
112.7161,92.70489680817784,97.38104513627096,101.50573817799383,96.0,99.0,110.0
112.8824,92.42246361926513,97.24536198529354,100.81419450014401,96.0,99.0,110.0
112.8824,92.42246361926513,97.24536198529354,100.81419450014401,96.0,99.0,110.0
113.0443,92.70489680817784,97.38104513627096,101.50573817799383,96.0,99.0,110.0
113.0443,92.70489680817784,97.38104513627096,101.50573817799383,96.0,99.0,110.0
113.2079,92.42246361926513,97.24536198529354,100.81419450014401,96.0,99.0,110.0
113.2079,92.42246361926513,97.24536198529354,100.81419450014401,96.0,99.0,110.0
113.372,92.0434498369581,97.06328074885928,100.43939154660589,96.0,99.0,110.0
113.372,92.0434498369581,97.06328074885928,100.43939154660589,96.0,99.0,110.0
113.5333,92.70489680817784,97.38104513627096,101.50573817799383,96.0,99.0,110.0
113.5333,92.70489680817784,97.38104513627096,101.50573817799383,96.0,99.0,110.0
113.6949,92.70489680817784,97.38104513627096,101.50573817799383,96.0,99.0,110.0
113.6949,92.70489680817784,97.38104513627096,101.50573817799383,96.0,99.0,110.0
113.8636,92.70489680817784,97.38104513627096,101.50573817799383,96.0,99.0,110.0
113.8636,92.70489680817784,97.38104513627096,101.50573817799383,96.0,99.0,110.0
114.0246,92.0434498369581,97.06328074885928,100.43939154660589,96.0,99.0,110.0
114.0246,92.0434498369581,97.06328074885928,100.43939154660589,96.0,99.0,110.0
114.1865,92.53214114870792,96.03940802332727,100.43939154660589,96.0,99.0,110.0
114.1865,92.53214114870792,96.03940802332727,100.43939154660589,96.0,99.0,110.0
114.3497,92.70489680817784,97.38104513627096,101.50573817799383,96.0,99.0,110.0
114.3497,92.70489680817784,97.38104513627096,101.50573817799383,96.0,99.0,110.0
114.5133,94.03553803389215,98.02029576761655,103.68659555284684,96.0,99.0,110.0
114.5133,94.03553803389215,98.02029576761655,103.68659555284684,96.0,99.0,110.0
114.6754,92.70489680817784,97.38104513627096,101.50573817799383,96.0,99.0,110.0
114.6754,92.70489680817784,97.38104513627096,101.50573817799383,96.0,99.0,110.0
114.8384,93.02952642175055,97.53699978536763,101.77678638515101,96.0,99.0,110.0
114.8384,93.02952642175055,97.53699978536763,101.77678638515101,96.0,99.0,110.0
115.0002,92.45824493881858,97.26255161588134,100.3681933376796,96.0,99.0,110.0
115.0002,92.45824493881858,97.26255161588134,100.3681933376796,96.0,99.0,110.0
115.1666,91.98722780123467,97.03627123559815,100.34041434529283,96.0,99.0,110.0
115.1666,91.98722780123467,97.03627123559815,100.34041434529283,96.0,99.0,110.0
115.3285,91.29773729457162,96.7050345106466,99.24395676651886,96.0,99.0,110.0
115.3285,91.29773729457162,96.7050345106466,99.24395676651886,96.0,99.0,110.0
115.4906,92.27596328435422,97.17498205885327,101.05751963330425,96.0,99.0,110.0
115.4906,92.27596328435422,97.17498205885327,101.05751963330425,96.0,99.0,110.0
115.6526,92.55185347048206,97.30752189923707,101.75230656319138,96.0,99.0,110.0
115.6526,92.55185347048206,97.30752189923707,101.75230656319138,96.0,99.0,110.0
115.8165,92.3260487969317,97.19904353757325,100.13437443006872,96.0,99.0,110.0
115.8165,92.3260487969317,97.19904353757325,100.13437443006872,96.0,99.0,110.0
115.9838,92.61150895192705,97.33618086713915,100.85309184223001,96.0,99.0,110.0
115.9838,92.61150895192705,97.33618086713915,100.85309184223001,96.0,99.0,110.0
116.1454,92.61150895192705,97.33618086713915,100.85309184223001,96.0,99.0,110.0
116.1454,92.61150895192705,97.33618086713915,100.85309184223001,96.0,99.0,110.0
116.3089,93.53959540321435,97.78204098214513,102.61340772625556,96.0,99.0,110.0
116.3089,93.53959540321435,97.78204098214513,102.61340772625556,96.0,99.0,110.0
116.4743,92.88422579689743,97.46719620918397,101.54941905313802,96.0,99.0,110.0
116.4743,92.88422579689743,97.46719620918397,101.54941905313802,96.0,99.0,110.0
116.6356,93.15376231417648,97.59668369650335,102.24726870636817,96.0,99.0,110.0
116.6356,93.15376231417648,97.59668369650335,102.24726870636817,96.0,99.0,110.0
116.798,91.81194706489399,96.95206497533566,100.09091646379737,96.0,99.0,110.0
116.798,91.81194706489399,96.95206497533566,100.09091646379737,96.0,99.0,110.0
116.959,91.58044380840909,96.84084896909243,98.5053995876366,96.0,99.0,110.0
116.959,91.58044380840909,96.84084896909243,98.5053995876366,96.0,99.0,110.0
117.1216,92.40815732565386,97.23848912802254,100.61829386393606,96.0,99.0,110.0
117.1216,92.40815732565386,97.23848912802254,100.61829386393606,96.0,99.0,110.0
117.2845,92.12926968179755,97.10450928509839,99.89640748119382,96.0,99.0,110.0
117.2845,92.12926968179755,97.10450928509839,99.89640748119382,96.0,99.0,110.0
117.4481,92.67450661018219,97.36644544337102,101.31764808178727,96.0,99.0,110.0
117.4481,92.67450661018219,97.36644544337102,101.31764808178727,96.0,99.0,110.0
117.6122,92.67450661018219,97.36644544337102,101.31764808178727,96.0,99.0,110.0
117.6122,92.67450661018219,97.36644544337102,101.31764808178727,96.0,99.0,110.0
117.7744,92.93766183855183,97.49286730872912,102.01848894801418,96.0,99.0,110.0
117.7744,92.93766183855183,97.49286730872912,102.01848894801418,96.0,99.0,110.0
117.9395,92.7193149138933,97.38797170896638,100.46565505318524,96.0,99.0,110.0
117.9395,92.7193149138933,97.38797170896638,100.46565505318524,96.0,99.0,110.0
118.1019,92.4591562984134,97.26298944028142,99.28883982901475,96.0,99.0,110.0
118.1019,92.4591562984134,97.26298944028142,99.28883982901475,96.0,99.0,110.0
118.2677,92.06011522451598,97.07128693363106,98.9405602744787,96.0,99.0,110.0
118.2677,92.06011522451598,97.07128693363106,98.9405602744787,96.0,99.0,110.0
118.4329,92.32646450904434,97.19924324897953,99.63991449232992,96.0,99.0,110.0
118.4329,92.32646450904434,97.19924324897953,99.63991449232992,96.0,99.0,110.0
118.5944,91.63640619395966,96.86773374434476,98.55854488073415,96.0,99.0,110.0
118.5944,91.63640619395966,96.86773374434476,98.55854488073415,96.0,99.0,110.0
118.7575,91.91199682317747,97.00012967520571,99.28198802872379,96.0,99.0,110.0
118.7575,91.91199682317747,97.00012967520571,99.28198802872379,96.0,99.0,110.0
118.9195,91.24339498086118,96.67892803079548,98.23893132270877,96.0,99.0,110.0
118.9195,91.24339498086118,96.67892803079548,98.23893132270877,96.0,99.0,110.0
119.0813,90.4109643559317,96.27902173580458,97.52258076189054,96.0,99.0,110.0
119.0813,90.4109643559317,96.27902173580458,97.52258076189054,96.0,99.0,110.0
119.2447,90.42505726452538,96.28579208121542,97.11985423181594,96.0,99.0,110.0
119.2447,90.42505726452538,96.28579208121542,97.11985423181594,96.0,99.0,110.0
119.4086,90.69431080241418,96.41514362298435,97.3923712140529,96.0,99.0,110.0
119.4086,90.69431080241418,96.41514362298435,97.3923712140529,96.0,99.0,110.0
119.5707,90.69431080241418,96.41514362298435,97.3923712140529,96.0,99.0,110.0
119.5707,90.69431080241418,96.41514362298435,97.3923712140529,96.0,99.0,110.0
119.7322,91.48296349090899,96.79401864901706,99.52357515479184,96.0,99.0,110.0
119.7322,91.48296349090899,96.79401864901706,99.52357515479184,96.0,99.0,110.0
119.8961,91.97029912986719,95.77298623671082,99.52357515479184,96.0,99.0,110.0
119.8961,91.97029912986719,95.77298623671082,99.52357515479184,96.0,99.0,110.0
120.0602,91.74506676578486,96.91993514754745,100.25316118432613,96.0,99.0,110.0
120.0602,91.74506676578486,96.91993514754745,100.25316118432613,96.0,99.0,110.0
120.2247,91.73734061442883,96.91622344296717,99.78725013417869,96.0,99.0,110.0
120.2247,91.73734061442883,96.91622344296717,99.78725013417869,96.0,99.0,110.0
120.3876,91.73628292150065,96.9157153188695,99.36040235083365,96.0,99.0,110.0
120.3876,91.73628292150065,96.9157153188695,99.36040235083365,96.0,99.0,110.0
120.5502,91.73628292150065,96.9157153188695,99.36040235083365,96.0,99.0,110.0
120.5502,91.73628292150065,96.9157153188695,99.36040235083365,96.0,99.0,110.0
120.7119,92.2419169531963,97.15862593049417,100.7995504893557,96.0,99.0,110.0
120.7119,92.2419169531963,97.15862593049417,100.7995504893557,96.0,99.0,110.0
120.8771,92.2419169531963,97.15862593049417,100.7995504893557,96.0,99.0,110.0
120.8771,92.2419169531963,97.15862593049417,100.7995504893557,96.0,99.0,110.0
121.0385,92.49088410396408,97.27823173049272,101.10667997763318,96.0,99.0,110.0
121.0385,92.49088410396408,97.27823173049272,101.10667997763318,96.0,99.0,110.0
121.2009,92.23891187794982,97.15718226843754,100.37271411272667,96.0,99.0,110.0
121.2009,92.23891187794982,97.15718226843754,100.37271411272667,96.0,99.0,110.0
121.3657,90.8932524976629,96.51071679615163,97.45106405447856,96.0,99.0,110.0
121.3657,90.8932524976629,96.51071679615163,97.45106405447856,96.0,99.0,110.0
121.5275,92.53850487629055,97.30110912838676,101.34103194518426,96.0,99.0,110.0
121.5275,92.53850487629055,97.30110912838676,101.34103194518426,96.0,99.0,110.0
121.6948,91.143342563598,96.63086205353042,98.15776848921954,96.0,99.0,110.0
121.6948,91.143342563598,96.63086205353042,98.15776848921954,96.0,99.0,110.0
121.8568,91.60776848784545,96.8539759624874,98.71680975902244,96.0,99.0,110.0
121.8568,91.60776848784545,96.8539759624874,98.71680975902244,96.0,99.0,110.0
122.0206,91.60776848784545,96.8539759624874,98.71680975902244,96.0,99.0,110.0
122.0206,91.60776848784545,96.8539759624874,98.71680975902244,96.0,99.0,110.0
122.1818,92.09341981654737,97.08728672461253,100.16440347932755,96.0,99.0,110.0
122.1818,92.09341981654737,97.08728672461253,100.16440347932755,96.0,99.0,110.0
122.3438,93.00032397759765,97.52297069886343,102.36971091909182,96.0,99.0,110.0
122.3438,93.00032397759765,97.52297069886343,102.36971091909182,96.0,99.0,110.0
122.5068,92.32719831031957,97.19959577295025,100.87794771449711,96.0,99.0,110.0
122.5068,92.32719831031957,97.19959577295025,100.87794771449711,96.0,99.0,110.0
122.6717,92.5498765194196,97.30657215621814,101.1955967697909,96.0,99.0,110.0
122.6717,92.5498765194196,97.30657215621814,101.1955967697909,96.0,99.0,110.0
122.8372,92.31946886698799,97.1958824868787,100.48070433534005,96.0,99.0,110.0
122.8372,92.31946886698799,97.1958824868787,100.48070433534005,96.0,99.0,110.0
122.9995,92.30181168614558,97.18739983672239,100.058926373207,96.0,99.0,110.0
122.9995,92.30181168614558,97.18739983672239,100.058926373207,96.0,99.0,110.0
123.1652,91.3290802967831,96.72009193827229,97.41462405487607,96.0,99.0,110.0
123.1652,91.3290802967831,96.72009193827229,97.41462405487607,96.0,99.0,110.0
123.3275,91.52436260484413,98.07239353819772,98.46298804460852,96.0,99.0,110.0
123.3275,91.52436260484413,98.07239353819772,98.46298804460852,96.0,99.0,110.0
123.4938,91.1439189666958,96.63113896216441,97.85261748970261,96.0,99.0,110.0
123.4938,91.1439189666958,96.63113896216441,97.85261748970261,96.0,99.0,110.0
123.6559,91.61610835827634,96.85798250259397,99.30568248842229,96.0,99.0,110.0
123.6559,91.61610835827634,96.85798250259397,99.30568248842229,96.0,99.0,110.0
123.8174,92.27367515270234,97.17388282220347,100.32062409336149,96.0,99.0,110.0
123.8174,92.27367515270234,97.17388282220347,100.32062409336149,96.0,99.0,110.0
123.9794,91.55277746292944,96.827557836612,98.43378715931735,96.0,99.0,110.0
123.9794,91.55277746292944,96.827557836612,98.43378715931735,96.0,99.0,110.0
124.142,91.32225734683672,96.71681413883502,97.7189393492823,96.0,99.0,110.0
124.142,91.32225734683672,96.71681413883502,97.7189393492823,96.0,99.0,110.0
124.3036,92.88277009162402,97.46649687678911,101.62452410181817,96.0,99.0,110.0
124.3036,92.88277009162402,97.46649687678911,101.62452410181817,96.0,99.0,110.0
124.4648,92.01168427443008,97.04802031989566,99.89208052338466,96.0,99.0,110.0
124.4648,92.01168427443008,97.04802031989566,99.89208052338466,96.0,99.0,110.0
124.627,91.98155220143087,97.03354463229762,99.47589223132235,96.0,99.0,110.0
124.627,91.98155220143087,97.03354463229762,99.47589223132235,96.0,99.0,110.0
124.7941,92.20969731178957,97.14314735842459,100.2193879722915,96.0,99.0,110.0
124.7941,92.20969731178957,97.14314735842459,100.2193879722915,96.0,99.0,110.0
124.9562,92.20969731178957,97.14314735842459,100.2193879722915,96.0,99.0,110.0
124.9562,92.20969731178957,97.14314735842459,100.2193879722915,96.0,99.0,110.0
125.1183,91.95718310545126,97.02183752470977,99.08464025693382,96.0,99.0,110.0
125.1183,91.95718310545126,97.02183752470977,99.08464025693382,96.0,99.0,110.0
125.2808,91.95718310545126,97.02183752470977,99.08464025693382,96.0,99.0,110.0
125.2808,91.95718310545126,97.02183752470977,99.08464025693382,96.0,99.0,110.0
125.4427,92.39486873104624,97.23210518144968,100.52333701690524,96.0,99.0,110.0
125.4427,92.39486873104624,97.23210518144968,100.52333701690524,96.0,99.0,110.0
125.6056,92.64081360447216,97.35025905536811,101.66052399940635,96.0,99.0,110.0
125.6056,92.64081360447216,97.35025905536811,101.66052399940635,96.0,99.0,110.0
125.7693,92.85863910998185,97.45490416122338,102.40781933377176,96.0,99.0,110.0
125.7693,92.85863910998185,97.45490416122338,102.40781933377176,96.0,99.0,110.0
125.9354,92.82660865858506,97.43951647753975,101.99180557056349,96.0,99.0,110.0
125.9354,92.82660865858506,97.43951647753975,101.99180557056349,96.0,99.0,110.0
126.0973,92.57365137819446,97.31799378752513,100.81434617479029,96.0,99.0,110.0
126.0973,92.57365137819446,97.31799378752513,100.81434617479029,96.0,99.0,110.0
126.2579,92.78427287148185,97.41917802859403,101.53671133034345,96.0,99.0,110.0
126.2579,92.78427287148185,97.41917802859403,101.53671133034345,96.0,99.0,110.0
126.4201,92.57365137819446,97.31799378752513,100.81434617479029,96.0,99.0,110.0
126.4201,92.57365137819446,97.31799378752513,100.81434617479029,96.0,99.0,110.0
126.5827,92.9986862219472,97.52218390801907,102.28522022791273,96.0,99.0,110.0
126.5827,92.9986862219472,97.52218390801907,102.28522022791273,96.0,99.0,110.0
126.7481,92.53776129334244,97.30075190522258,100.39872038022453,96.0,99.0,110.0
126.7481,92.53776129334244,97.30075190522258,100.39872038022453,96.0,99.0,110.0
126.9108,92.96279613709518,97.5049420257165,101.86959443334696,96.0,99.0,110.0
126.9108,92.96279613709518,97.5049420257165,101.86959443334696,96.0,99.0,110.0
127.072,92.92501031386752,97.4867894156159,101.45417549286142,96.0,99.0,110.0
127.072,92.92501031386752,97.4867894156159,101.45417549286142,96.0,99.0,110.0
127.2362,92.92501031386752,97.4867894156159,101.45417549286142,96.0,99.0,110.0
127.2362,92.92501031386752,97.4867894156159,101.45417549286142,96.0,99.0,110.0
127.3981,93.13588806954812,97.58809676717732,102.20391962153005,96.0,99.0,110.0
127.3981,93.13588806954812,97.58809676717732,102.20391962153005,96.0,99.0,110.0
127.5604,93.13588806954812,97.58809676717732,102.20391962153005,96.0,99.0,110.0
127.5604,93.13588806954812,97.58809676717732,102.20391962153005,96.0,99.0,110.0
127.7221,92.88392764114201,97.46705297278695,101.02466076551633,96.0,99.0,110.0
127.7221,92.88392764114201,97.46705297278695,101.02466076551633,96.0,99.0,110.0
127.8859,92.38800589373818,98.49268795526093,101.02466076551633,96.0,99.0,110.0
127.8859,92.38800589373818,98.49268795526093,101.02466076551633,96.0,99.0,110.0
128.0513,92.2343474281769,97.15498947045211,100.02462919471026,96.0,99.0,110.0
128.0513,92.2343474281769,97.15498947045211,100.02462919471026,96.0,99.0,110.0
128.2118,92.19145221079143,97.134382266748,99.61215148543653,96.0,99.0,110.0
128.2118,92.19145221079143,97.134382266748,99.61215148543653,96.0,99.0,110.0
128.3757,92.44155676641992,97.25453448509079,100.7482079134673,96.0,99.0,110.0
128.3757,92.44155676641992,97.25453448509079,100.7482079134673,96.0,99.0,110.0
128.5379,92.18651610435751,97.13201092194574,101.18957295373268,96.0,99.0,110.0
128.5379,92.18651610435751,97.13201092194574,101.18957295373268,96.0,99.0,110.0
128.7019,92.85291680482788,97.45215512030104,102.22385953468424,96.0,99.0,110.0
128.7019,92.85291680482788,97.45215512030104,102.22385953468424,96.0,99.0,110.0
128.8665,92.81002158744244,97.43154791659695,101.8113818254105,96.0,99.0,110.0
128.8665,92.81002158744244,97.43154791659695,101.8113818254105,96.0,99.0,110.0
129.0291,92.56476280110635,97.31372364437495,100.6732427726171,96.0,99.0,110.0
129.0291,92.56476280110635,97.31372364437495,100.6732427726171,96.0,99.0,110.0
129.1896,92.0962823277356,97.08866189776134,100.37003229298402,96.0,99.0,110.0
129.1896,92.0962823277356,97.08866189776134,100.37003229298402,96.0,99.0,110.0
129.3507,92.76524508383375,97.41003692802381,101.39915026516539,96.0,99.0,110.0
129.3507,92.76524508383375,97.41003692802381,101.39915026516539,96.0,99.0,110.0
129.5123,92.46786343308082,97.26717241704914,99.83536841642629,96.0,99.0,110.0
129.5123,92.46786343308082,97.26717241704914,99.83536841642629,96.0,99.0,110.0
129.6782,92.46786343308082,97.26717241704914,99.83536841642629,96.0,99.0,110.0
129.6782,92.46786343308082,97.26717241704914,99.83536841642629,96.0,99.0,110.0
129.8406,92.86551364280365,97.45820674148439,101.28829985289208,96.0,99.0,110.0
129.8406,92.86551364280365,97.45820674148439,101.28829985289208,96.0,99.0,110.0
130.0076,92.86551364280365,97.45820674148439,101.28829985289208,96.0,99.0,110.0
130.0076,92.86551364280365,97.45820674148439,101.28829985289208,96.0,99.0,110.0
130.1698,93.06598732973919,97.55451589564646,102.04154862551994,96.0,99.0,110.0
130.1698,93.06598732973919,97.55451589564646,102.04154862551994,96.0,99.0,110.0
130.3346,92.76942097217417,97.41204305800571,100.49083803013065,96.0,99.0,110.0
130.3346,92.76942097217417,97.41204305800571,100.49083803013065,96.0,99.0,110.0
130.5003,92.76942097217417,97.41204305800571,100.49083803013065,96.0,99.0,110.0
130.5003,92.76942097217417,97.41204305800571,100.49083803013065,96.0,99.0,110.0
130.6595,91.7767661906731,96.93516380346274,97.88995836971837,96.0,99.0,110.0
130.6595,91.7767661906731,96.93516380346274,97.88995836971837,96.0,99.0,110.0
130.8213,91.11833058560853,96.61884610031028,96.9142201208852,96.0,99.0,110.0
130.8213,91.11833058560853,96.61884610031028,96.9142201208852,96.0,99.0,110.0
130.9828,92.18138863523271,97.12954764498431,99.3679009610845,96.0,99.0,110.0
130.9828,92.18138863523271,97.12954764498431,99.3679009610845,96.0,99.0,110.0
131.1451,92.37523715539496,97.222674016319,100.09602273127516,96.0,99.0,110.0
131.1451,92.37523715539496,97.222674016319,100.09602273127516,96.0,99.0,110.0
131.3088,91.60209334853957,96.85124958041374,98.2932957142239,96.0,99.0,110.0
131.3088,91.60209334853957,96.85124958041374,98.2932957142239,96.0,99.0,110.0
131.4716,92.25277762029998,97.16384348137768,99.26721695007947,96.0,99.0,110.0
131.4716,92.25277762029998,97.16384348137768,99.26721695007947,96.0,99.0,110.0
131.6336,92.63049666103436,97.34530271365954,100.72667932875251,96.0,99.0,110.0
131.6336,92.63049666103436,97.34530271365954,100.72667932875251,96.0,99.0,110.0
131.7966,92.63049666103436,97.34530271365954,100.72667932875251,96.0,99.0,110.0
131.7966,92.63049666103436,97.34530271365954,100.72667932875251,96.0,99.0,110.0
131.9576,92.82063801117741,97.43664813102295,101.48321825536954,96.0,99.0,110.0
131.9576,92.82063801117741,97.43664813102295,101.48321825536954,96.0,99.0,110.0
132.1197,92.82063801117741,97.43664813102295,101.48321825536954,96.0,99.0,110.0
132.1197,92.82063801117741,97.43664813102295,101.48321825536954,96.0,99.0,110.0
132.2817,92.50901623645098,97.28694255119774,99.9385271664815,96.0,99.0,110.0
132.2817,92.50901623645098,97.28694255119774,99.9385271664815,96.0,99.0,110.0
132.447,92.69276202879243,97.37521549171055,100.66986597565457,96.0,99.0,110.0
132.447,92.69276202879243,97.37521549171055,100.66986597565457,96.0,99.0,110.0
132.61,93.05627817209233,97.54985153906735,102.16089815786393,96.0,99.0,110.0
132.61,93.05627817209233,97.54985153906735,102.16089815786393,96.0,99.0,110.0
132.7713,93.46212921982544,97.74482561132818,101.98968228897542,96.0,99.0,110.0
132.7713,93.46212921982544,97.74482561132818,101.98968228897542,96.0,99.0,110.0
132.9355,92.98117912089108,97.51377335738613,101.71546718543522,96.0,99.0,110.0
132.9355,92.98117912089108,97.51377335738613,101.71546718543522,96.0,99.0,110.0
133.1006,92.34393115918758,97.20763436667211,100.74411572343891,96.0,99.0,110.0
133.1006,92.34393115918758,97.20763436667211,100.74411572343891,96.0,99.0,110.0
133.263,92.67115644330653,97.3648359965502,100.19629666182757,96.0,99.0,110.0
133.263,92.67115644330653,97.3648359965502,100.19629666182757,96.0,99.0,110.0
133.4294,92.02853224395966,97.05611421849925,99.23109411187085,96.0,99.0,110.0
133.4294,92.02853224395966,97.05611421849925,99.23109411187085,96.0,99.0,110.0
133.5929,92.38577185136756,97.22773496807774,100.6968893713422,96.0,99.0,110.0
133.5929,92.38577185136756,97.22773496807774,100.6968893713422,96.0,99.0,110.0
133.7589,92.05758255040226,97.07007021683698,99.14536874252707,96.0,99.0,110.0
133.7589,92.05758255040226,97.07007021683698,99.14536874252707,96.0,99.0,110.0
133.9229,91.41178999014645,96.75982633299806,98.18807117494384,96.0,99.0,110.0
133.9229,91.41178999014645,96.75982633299806,98.18807117494384,96.0,99.0,110.0
134.0885,92.40813022460503,97.23847610846308,100.6131512009494,96.0,99.0,110.0
134.0885,92.40813022460503,97.23847610846308,100.6131512009494,96.0,99.0,110.0
134.2532,91.76902959755435,96.93144708257657,99.65386643441525,96.0,99.0,110.0
134.2532,91.76902959755435,96.93144708257657,99.65386643441525,96.0,99.0,110.0
134.4164,91.76902959755435,96.93144708257657,99.65386643441525,96.0,99.0,110.0
134.4164,91.76902959755435,96.93144708257657,99.65386643441525,96.0,99.0,110.0
134.5794,91.76902959755435,96.93144708257657,99.65386643441525,96.0,99.0,110.0
134.5794,91.76902959755435,96.93144708257657,99.65386643441525,96.0,99.0,110.0
134.7431,91.76902959755435,96.93144708257657,99.65386643441525,96.0,99.0,110.0
134.7431,91.76902959755435,96.93144708257657,99.65386643441525,96.0,99.0,110.0
134.9041,92.58418800112926,97.32305566501184,101.37387376781174,96.0,99.0,110.0
134.9041,92.58418800112926,97.32305566501184,101.37387376781174,96.0,99.0,110.0
135.0668,92.15740993162791,97.11802808499925,99.47728419984631,96.0,99.0,110.0
135.0668,92.15740993162791,97.11802808499925,99.47728419984631,96.0,99.0,110.0
135.2355,91.81791267970269,96.95493090415188,97.92843701367994,96.0,99.0,110.0
135.2355,91.81791267970269,96.95493090415188,97.92843701367994,96.0,99.0,110.0
135.4025,92.34451813042969,97.20791635232673,100.15694203896462,96.0,99.0,110.0
135.4025,92.34451813042969,97.20791635232673,100.15694203896462,96.0,99.0,110.0
135.5662,91.70582731842018,96.90108420484646,99.204616961905,96.0,99.0,110.0
135.5662,91.70582731842018,96.90108420484646,99.204616961905,96.0,99.0,110.0
135.7314,92.16859793677483,97.12340289168301,99.31802031483352,96.0,99.0,110.0
135.7314,92.16859793677483,97.12340289168301,99.31802031483352,96.0,99.0,110.0
135.8937,91.52780266671792,96.81555974581381,98.37109246482353,96.0,99.0,110.0
135.8937,91.52780266671792,96.81555974581381,98.37109246482353,96.0,99.0,110.0
136.0572,92.50459553265154,97.28481880992159,100.81697635847333,96.0,99.0,110.0
136.0572,92.50459553265154,97.28481880992159,100.81697635847333,96.0,99.0,110.0
136.2184,92.03404730264222,97.05876369656785,100.6053972319442,96.0,99.0,110.0
136.2184,92.03404730264222,97.05876369656785,100.6053972319442,96.0,99.0,110.0
136.3824,92.16660503029013,97.1224454835523,99.28189855764427,96.0,99.0,110.0
136.3824,92.16660503029013,97.1224454835523,99.28189855764427,96.0,99.0,110.0
136.5456,92.33559264335167,97.20362847732375,100.04459205699274,96.0,99.0,110.0
136.5456,92.33559264335167,97.20362847732375,100.04459205699274,96.0,99.0,110.0
136.7078,92.49552356133594,97.28046056272545,100.78278580808936,96.0,99.0,110.0
136.7078,92.49552356133594,97.28046056272545,100.78278580808936,96.0,99.0,110.0
136.8706,92.49552356133594,97.28046056272545,100.78278580808936,96.0,99.0,110.0
136.8706,92.49552356133594,97.28046056272545,100.78278580808936,96.0,99.0,110.0
137.0317,91.86313798395628,96.97665750012547,99.83830815518179,96.0,99.0,110.0
137.0317,91.86313798395628,96.97665750012547,99.83830815518179,96.0,99.0,110.0
137.1982,92.23686474090584,97.1561988075147,99.60726620349668,96.0,99.0,110.0
137.1982,92.23686474090584,97.1561988075147,99.60726620349668,96.0,99.0,110.0
137.3614,91.60003028412905,96.85025846785729,98.666474919844,96.0,99.0,110.0
137.3614,91.60003028412905,96.85025846785729,98.666474919844,96.0,99.0,110.0
137.5293,92.55893160229272,97.31092229007216,101.10998117467449,96.0,99.0,110.0
137.5293,92.55893160229272,97.31092229007216,101.10998117467449,96.0,99.0,110.0
137.6911,91.58158299799112,96.84139624483097,98.63974099190136,96.0,99.0,110.0
137.6911,91.58158299799112,96.84139624483097,98.63974099190136,96.0,99.0,110.0
137.8529,91.58158299799112,96.84139624483097,98.63974099190136,96.0,99.0,110.0
137.8529,91.58158299799112,96.84139624483097,98.63974099190136,96.0,99.0,110.0
138.0168,92.27448558204276,97.17427215890633,99.90497547172615,96.0,99.0,110.0
138.0168,92.27448558204276,97.17427215890633,99.90497547172615,96.0,99.0,110.0
138.1794,91.64174094221411,96.87029659984918,98.97044694273296,96.0,99.0,110.0
138.1794,91.64174094221411,96.87029659984918,98.97044694273296,96.0,99.0,110.0
138.3412,92.57748201334144,97.31983405512607,101.38573016392364,96.0,99.0,110.0
138.3412,92.57748201334144,97.31983405512607,101.38573016392364,96.0,99.0,110.0
138.5044,91.95148909867245,97.019102078552,100.44948127991191,96.0,99.0,110.0
138.5044,91.95148909867245,97.019102078552,100.44948127991191,96.0,99.0,110.0
138.6671,91.60529912246795,96.8527896597139,98.94888982170174,96.0,99.0,110.0
138.6671,91.60529912246795,96.8527896597139,98.94888982170174,96.0,99.0,110.0
138.8283,91.75836983862044,96.92632604957622,99.68887146826822,96.0,99.0,110.0
138.8283,91.75836983862044,96.92632604957622,99.68887146826822,96.0,99.0,110.0
138.9904,92.23631238684473,97.15593345222923,99.87895997151045,96.0,99.0,110.0
138.9904,92.23631238684473,97.15593345222923,99.87895997151045,96.0,99.0,110.0
139.1547,92.86307433510109,97.45703487865707,100.81256147833552,96.0,99.0,110.0
139.1547,92.86307433510109,97.45703487865707,100.81256147833552,96.0,99.0,110.0
139.3167,92.23631238684473,97.15593345222923,99.87895997151045,96.0,99.0,110.0
139.3167,92.23631238684473,97.15593345222923,99.87895997151045,96.0,99.0,110.0
139.4791,92.86307433510109,97.45703487865707,100.81256147833552,96.0,99.0,110.0
139.4791,92.86307433510109,97.45703487865707,100.81256147833552,96.0,99.0,110.0
139.6398,92.38600514444181,97.22784704392667,100.6197916633844,96.0,99.0,110.0
139.6398,92.38600514444181,97.22784704392667,100.6197916633844,96.0,99.0,110.0
139.8043,91.75836983862044,96.92632604957622,99.68887146826822,96.0,99.0,110.0
139.8043,91.75836983862044,96.92632604957622,99.68887146826822,96.0,99.0,110.0
139.9699,92.38600514444181,97.22784704392667,100.6197916633844,96.0,99.0,110.0
139.9699,92.38600514444181,97.22784704392667,100.6197916633844,96.0,99.0,110.0
140.1366,92.38600514444181,97.22784704392667,100.6197916633844,96.0,99.0,110.0
140.1366,92.38600514444181,97.22784704392667,100.6197916633844,96.0,99.0,110.0
140.3023,92.38600514444181,97.22784704392667,100.6197916633844,96.0,99.0,110.0
140.3023,92.38600514444181,97.22784704392667,100.6197916633844,96.0,99.0,110.0
140.4629,91.75836983862044,96.92632604957622,99.68887146826822,96.0,99.0,110.0
140.4629,91.75836983862044,96.92632604957622,99.68887146826822,96.0,99.0,110.0
140.6245,92.23631238684473,97.15593345222923,99.87895997151045,96.0,99.0,110.0
140.6245,92.23631238684473,97.15593345222923,99.87895997151045,96.0,99.0,110.0
140.7863,93.00938529927319,97.52732382988778,101.55422423669039,96.0,99.0,110.0
140.7863,93.00938529927319,97.52732382988778,101.55422423669039,96.0,99.0,110.0
140.9475,91.07435853351978,96.59772157664747,96.64874484741269,96.0,99.0,110.0
140.9475,91.07435853351978,96.59772157664747,96.64874484741269,96.0,99.0,110.0
141.1103,91.87053204059362,96.98020966376079,98.31063940140436,96.0,99.0,110.0
141.1103,91.87053204059362,96.98020966376079,98.31063940140436,96.0,99.0,110.0
141.2722,92.02371916863018,97.05380197881838,99.05059139782105,96.0,99.0,110.0
141.2722,92.02371916863018,97.05380197881838,99.05059139782105,96.0,99.0,110.0
141.4346,92.65236160853752,97.35580680839644,99.97870370242572,96.0,99.0,110.0
141.4346,92.65236160853752,97.35580680839644,99.97870370242572,96.0,99.0,110.0
141.5954,92.94670354001508,97.49721101404735,101.48840114955158,96.0,99.0,110.0
141.5954,92.94670354001508,97.49721101404735,101.48840114955158,96.0,99.0,110.0
141.7586,91.69895245601651,96.89778146625169,99.63233549552135,96.0,99.0,110.0
141.7586,91.69895245601651,96.89778146625169,99.63233549552135,96.0,99.0,110.0
141.9264,91.06523332317184,96.59333775299663,96.94126971026091,96.0,99.0,110.0
141.9264,91.06523332317184,96.59333775299663,96.94126971026091,96.0,99.0,110.0
142.0936,92.00707062861608,95.79042303934345,99.18924702486547,96.0,99.0,110.0
142.0936,92.00707062861608,95.79042303934345,99.18924702486547,96.0,99.0,110.0
142.2549,92.62612217342871,97.34320117501058,100.28727425379637,96.0,99.0,110.0
142.2549,92.62612217342871,97.34320117501058,100.28727425379637,96.0,99.0,110.0
142.4177,91.11274835483113,96.61616435223287,97.31755559266627,96.0,99.0,110.0
142.4177,91.11274835483113,96.61616435223287,97.31755559266627,96.0,99.0,110.0
142.5795,91.4137369193092,96.76076165325752,98.8256392138392,96.0,99.0,110.0
142.5795,91.4137369193092,96.76076165325752,98.8256392138392,96.0,99.0,110.0
142.7411,92.0395250272907,97.06139523906948,99.74185545622096,96.0,99.0,110.0
142.7411,92.0395250272907,97.06139523906948,99.74185545622096,96.0,99.0,110.0
142.9036,91.29216696097728,96.7023584780706,98.39809311427483,96.0,99.0,110.0
142.9036,91.29216696097728,96.7023584780706,98.39809311427483,96.0,99.0,110.0
143.0667,91.17766622829569,96.64735141512847,98.01018360978557,96.0,99.0,110.0
143.0667,91.17766622829569,96.64735141512847,98.01018360978557,96.0,99.0,110.0
143.2281,91.32059165080906,96.71601392521113,98.7526584345043,96.0,99.0,110.0
143.2281,91.32059165080906,96.71601392521113,98.7526584345043,96.0,99.0,110.0
143.3913,91.32059165080906,96.71601392521113,98.7526584345043,96.0,99.0,110.0
143.3913,91.32059165080906,96.71601392521113,98.7526584345043,96.0,99.0,110.0
143.5527,91.32059165080906,96.71601392521113,98.7526584345043,96.0,99.0,110.0
143.5527,91.32059165080906,96.71601392521113,98.7526584345043,96.0,99.0,110.0
143.7168,91.94469412348084,97.01583771840949,99.66411334471435,96.0,99.0,110.0
143.7168,91.94469412348084,97.01583771840949,99.66411334471435,96.0,99.0,110.0
143.8784,91.32059165080906,96.71601392521113,98.7526584345043,96.0,99.0,110.0
143.8784,91.32059165080906,96.71601392521113,98.7526584345043,96.0,99.0,110.0
144.0462,91.94469412348084,97.01583771840949,99.66411334471435,96.0,99.0,110.0
144.0462,91.94469412348084,97.01583771840949,99.66411334471435,96.0,99.0,110.0
144.2117,91.94469412348084,97.01583771840949,99.66411334471435,96.0,99.0,110.0
144.2117,91.94469412348084,97.01583771840949,99.66411334471435,96.0,99.0,110.0
144.3766,91.94469412348084,97.01583771840949,99.66411334471435,96.0,99.0,110.0
144.3766,91.94469412348084,97.01583771840949,99.66411334471435,96.0,99.0,110.0
144.5385,91.94469412348084,97.01583771840949,99.66411334471435,96.0,99.0,110.0
144.5385,91.94469412348084,97.01583771840949,99.66411334471435,96.0,99.0,110.0
144.7006,91.94469412348084,97.01583771840949,99.66411334471435,96.0,99.0,110.0
144.7006,91.94469412348084,97.01583771840949,99.66411334471435,96.0,99.0,110.0
144.8645,91.94469412348084,97.01583771840949,99.66411334471435,96.0,99.0,110.0
144.8645,91.94469412348084,97.01583771840949,99.66411334471435,96.0,99.0,110.0
145.0286,91.94469412348084,97.01583771840949,99.66411334471435,96.0,99.0,110.0
145.0286,91.94469412348084,97.01583771840949,99.66411334471435,96.0,99.0,110.0
145.1915,91.94469412348084,97.01583771840949,99.66411334471435,96.0,99.0,110.0
145.1915,91.94469412348084,97.01583771840949,99.66411334471435,96.0,99.0,110.0
145.3519,91.94469412348084,97.01583771840949,99.66411334471435,96.0,99.0,110.0
145.3519,91.94469412348084,97.01583771840949,99.66411334471435,96.0,99.0,110.0
145.5217,91.94469412348084,97.01583771840949,99.66411334471435,96.0,99.0,110.0
145.5217,91.94469412348084,97.01583771840949,99.66411334471435,96.0,99.0,110.0
145.6835,91.32059165080906,96.71601392521113,98.7526584345043,96.0,99.0,110.0
145.6835,91.32059165080906,96.71601392521113,98.7526584345043,96.0,99.0,110.0
145.8448,91.94469412348084,97.01583771840949,99.66411334471435,96.0,99.0,110.0
145.8448,91.94469412348084,97.01583771840949,99.66411334471435,96.0,99.0,110.0
146.0081,91.94469412348084,97.01583771840949,99.66411334471435,96.0,99.0,110.0
146.0081,91.94469412348084,97.01583771840949,99.66411334471435,96.0,99.0,110.0
146.1709,91.32059165080906,96.71601392521113,98.7526584345043,96.0,99.0,110.0
146.1709,91.32059165080906,96.71601392521113,98.7526584345043,96.0,99.0,110.0
146.3369,92.56463029634756,97.31365998803462,100.57906104485653,96.0,99.0,110.0
146.3369,92.56463029634756,97.31365998803462,100.57906104485653,96.0,99.0,110.0
146.4988,91.94469412348084,97.01583771840949,99.66411334471435,96.0,99.0,110.0
146.4988,91.94469412348084,97.01583771840949,99.66411334471435,96.0,99.0,110.0
146.661,91.32059165080906,96.71601392521113,98.7526584345043,96.0,99.0,110.0
146.661,91.32059165080906,96.71601392521113,98.7526584345043,96.0,99.0,110.0
146.8229,92.56463029634756,97.31365998803462,100.57906104485653,96.0,99.0,110.0
146.8229,92.56463029634756,97.31365998803462,100.57906104485653,96.0,99.0,110.0
146.9854,91.94469412348084,97.01583771840949,99.66411334471435,96.0,99.0,110.0
146.9854,91.94469412348084,97.01583771840949,99.66411334471435,96.0,99.0,110.0
147.1493,91.94469412348084,97.01583771840949,99.66411334471435,96.0,99.0,110.0
147.1493,91.94469412348084,97.01583771840949,99.66411334471435,96.0,99.0,110.0
147.3148,91.32059165080906,96.71601392521113,98.7526584345043,96.0,99.0,110.0
147.3148,91.32059165080906,96.71601392521113,98.7526584345043,96.0,99.0,110.0
147.476,92.56463029634756,97.31365998803462,100.57906104485653,96.0,99.0,110.0
147.476,92.56463029634756,97.31365998803462,100.57906104485653,96.0,99.0,110.0
147.6381,91.94469412348084,97.01583771840949,99.66411334471435,96.0,99.0,110.0
147.6381,91.94469412348084,97.01583771840949,99.66411334471435,96.0,99.0,110.0
147.805,92.56463029634756,97.31365998803462,100.57906104485653,96.0,99.0,110.0
147.805,92.56463029634756,97.31365998803462,100.57906104485653,96.0,99.0,110.0
147.9675,92.56463029634756,97.31365998803462,100.57906104485653,96.0,99.0,110.0
147.9675,92.56463029634756,97.31365998803462,100.57906104485653,96.0,99.0,110.0
148.1342,91.8075345539097,95.69580434630338,98.7526584345043,96.0,99.0,110.0
148.1342,91.8075345539097,95.69580434630338,98.7526584345043,96.0,99.0,110.0
148.2964,91.94469412348084,97.01583771840949,99.66411334471435,96.0,99.0,110.0
148.2964,91.94469412348084,97.01583771840949,99.66411334471435,96.0,99.0,110.0
148.4626,92.56463029634756,97.31365998803462,100.57906104485653,96.0,99.0,110.0
148.4626,92.56463029634756,97.31365998803462,100.57906104485653,96.0,99.0,110.0
148.6277,91.94469412348084,97.01583771840949,99.66411334471435,96.0,99.0,110.0
148.6277,91.94469412348084,97.01583771840949,99.66411334471435,96.0,99.0,110.0
148.7904,91.94469412348084,97.01583771840949,99.66411334471435,96.0,99.0,110.0
148.7904,91.94469412348084,97.01583771840949,99.66411334471435,96.0,99.0,110.0
148.952,91.94469412348084,97.01583771840949,99.66411334471435,96.0,99.0,110.0
148.952,91.94469412348084,97.01583771840949,99.66411334471435,96.0,99.0,110.0
149.1202,91.32059165080906,96.71601392521113,98.7526584345043,96.0,99.0,110.0
149.1202,91.32059165080906,96.71601392521113,98.7526584345043,96.0,99.0,110.0
149.2821,91.94469412348084,97.01583771840949,99.66411334471435,96.0,99.0,110.0
149.2821,91.94469412348084,97.01583771840949,99.66411334471435,96.0,99.0,110.0
149.4442,92.56463029634756,97.31365998803462,100.57906104485653,96.0,99.0,110.0
149.4442,92.56463029634756,97.31365998803462,100.57906104485653,96.0,99.0,110.0
149.6052,92.56463029634756,97.31365998803462,100.57906104485653,96.0,99.0,110.0
149.6052,92.56463029634756,97.31365998803462,100.57906104485653,96.0,99.0,110.0
149.7693,91.94469412348084,97.01583771840949,99.66411334471435,96.0,99.0,110.0
149.7693,91.94469412348084,97.01583771840949,99.66411334471435,96.0,99.0,110.0
149.9327,92.56463029634756,97.31365998803462,100.57906104485653,96.0,99.0,110.0
149.9327,92.56463029634756,97.31365998803462,100.57906104485653,96.0,99.0,110.0
150.0941,92.56463029634756,97.31365998803462,100.57906104485653,96.0,99.0,110.0
150.0941,92.56463029634756,97.31365998803462,100.57906104485653,96.0,99.0,110.0
150.2604,91.94469412348084,97.01583771840949,99.66411334471435,96.0,99.0,110.0
150.2604,91.94469412348084,97.01583771840949,99.66411334471435,96.0,99.0,110.0
150.4201,91.94469412348084,97.01583771840949,99.66411334471435,96.0,99.0,110.0
150.4201,91.94469412348084,97.01583771840949,99.66411334471435,96.0,99.0,110.0
150.5924,91.94469412348084,97.01583771840949,99.66411334471435,96.0,99.0,110.0
150.5924,91.94469412348084,97.01583771840949,99.66411334471435,96.0,99.0,110.0
150.7528,91.94469412348084,97.01583771840949,99.66411334471435,96.0,99.0,110.0
150.7528,91.94469412348084,97.01583771840949,99.66411334471435,96.0,99.0,110.0
150.9165,92.56463029634756,97.31365998803462,100.57906104485653,96.0,99.0,110.0
150.9165,92.56463029634756,97.31365998803462,100.57906104485653,96.0,99.0,110.0
151.0776,91.32059165080906,96.71601392521113,98.7526584345043,96.0,99.0,110.0
151.0776,91.32059165080906,96.71601392521113,98.7526584345043,96.0,99.0,110.0
151.2419,90.67060114744044,96.40375331610218,97.81347442582154,96.0,99.0,110.0
151.2419,90.67060114744044,96.40375331610218,97.81347442582154,96.0,99.0,110.0
151.4064,91.94469412348084,97.01583771840949,99.66411334471435,96.0,99.0,110.0
151.4064,91.94469412348084,97.01583771840949,99.66411334471435,96.0,99.0,110.0
151.5689,91.94469412348084,97.01583771840949,99.66411334471435,96.0,99.0,110.0
151.5689,91.94469412348084,97.01583771840949,99.66411334471435,96.0,99.0,110.0
151.7293,91.94469412348084,97.01583771840949,99.66411334471435,96.0,99.0,110.0
151.7293,91.94469412348084,97.01583771840949,99.66411334471435,96.0,99.0,110.0
151.897,91.94469412348084,97.01583771840949,99.66411334471435,96.0,99.0,110.0
151.897,91.94469412348084,97.01583771840949,99.66411334471435,96.0,99.0,110.0
152.0577,91.32059165080906,96.71601392521113,98.7526584345043,96.0,99.0,110.0
152.0577,91.32059165080906,96.71601392521113,98.7526584345043,96.0,99.0,110.0
152.2196,91.32059165080906,96.71601392521113,98.7526584345043,96.0,99.0,110.0
152.2196,91.32059165080906,96.71601392521113,98.7526584345043,96.0,99.0,110.0
152.382,91.94469412348084,97.01583771840949,99.66411334471435,96.0,99.0,110.0
152.382,91.94469412348084,97.01583771840949,99.66411334471435,96.0,99.0,110.0
152.5446,91.32059165080906,96.71601392521113,98.7526584345043,96.0,99.0,110.0
152.5446,91.32059165080906,96.71601392521113,98.7526584345043,96.0,99.0,110.0
152.7062,91.32059165080906,96.71601392521113,98.7526584345043,96.0,99.0,110.0
152.7062,91.32059165080906,96.71601392521113,98.7526584345043,96.0,99.0,110.0
152.8693,91.94469412348084,97.01583771840949,99.66411334471435,96.0,99.0,110.0
152.8693,91.94469412348084,97.01583771840949,99.66411334471435,96.0,99.0,110.0
153.0332,91.94469412348084,97.01583771840949,99.66411334471435,96.0,99.0,110.0
153.0332,91.94469412348084,97.01583771840949,99.66411334471435,96.0,99.0,110.0
153.1972,91.94469412348084,97.01583771840949,99.66411334471435,96.0,99.0,110.0
153.1972,91.94469412348084,97.01583771840949,99.66411334471435,96.0,99.0,110.0
153.3594,91.94469412348084,97.01583771840949,99.66411334471435,96.0,99.0,110.0
153.3594,91.94469412348084,97.01583771840949,99.66411334471435,96.0,99.0,110.0
153.5213,91.32059165080906,96.71601392521113,98.7526584345043,96.0,99.0,110.0
153.5213,91.32059165080906,96.71601392521113,98.7526584345043,96.0,99.0,110.0
153.6837,92.56463029634756,97.31365998803462,100.57906104485653,96.0,99.0,110.0
153.6837,92.56463029634756,97.31365998803462,100.57906104485653,96.0,99.0,110.0
153.8469,91.94469412348084,97.01583771840949,99.66411334471435,96.0,99.0,110.0
153.8469,91.94469412348084,97.01583771840949,99.66411334471435,96.0,99.0,110.0
154.0143,92.43314657047554,95.9924654460305,99.66411334471435,96.0,99.0,110.0
154.0143,92.43314657047554,95.9924654460305,99.66411334471435,96.0,99.0,110.0
154.1802,91.94469412348084,97.01583771840949,99.66411334471435,96.0,99.0,110.0
154.1802,91.94469412348084,97.01583771840949,99.66411334471435,96.0,99.0,110.0
154.345,91.94469412348084,97.01583771840949,99.66411334471435,96.0,99.0,110.0
154.345,91.94469412348084,97.01583771840949,99.66411334471435,96.0,99.0,110.0
154.5049,91.94469412348084,97.01583771840949,99.66411334471435,96.0,99.0,110.0
154.5049,91.94469412348084,97.01583771840949,99.66411334471435,96.0,99.0,110.0
154.6688,92.56463029634756,97.31365998803462,100.57906104485653,96.0,99.0,110.0
154.6688,92.56463029634756,97.31365998803462,100.57906104485653,96.0,99.0,110.0
154.8326,91.32059165080906,96.71601392521113,98.7526584345043,96.0,99.0,110.0
154.8326,91.32059165080906,96.71601392521113,98.7526584345043,96.0,99.0,110.0
154.9932,91.94469412348084,97.01583771840949,99.66411334471435,96.0,99.0,110.0
154.9932,91.94469412348084,97.01583771840949,99.66411334471435,96.0,99.0,110.0
155.1546,91.94469412348084,97.01583771840949,99.66411334471435,96.0,99.0,110.0
155.1546,91.94469412348084,97.01583771840949,99.66411334471435,96.0,99.0,110.0
155.3163,92.56463029634756,97.31365998803462,100.57906104485653,96.0,99.0,110.0
155.3163,92.56463029634756,97.31365998803462,100.57906104485653,96.0,99.0,110.0
155.4819,91.32059165080906,96.71601392521113,98.7526584345043,96.0,99.0,110.0
155.4819,91.32059165080906,96.71601392521113,98.7526584345043,96.0,99.0,110.0
155.6462,91.32059165080906,96.71601392521113,98.7526584345043,96.0,99.0,110.0
155.6462,91.32059165080906,96.71601392521113,98.7526584345043,96.0,99.0,110.0
155.8098,91.94469412348084,97.01583771840949,99.66411334471435,96.0,99.0,110.0
155.8098,91.94469412348084,97.01583771840949,99.66411334471435,96.0,99.0,110.0
155.9763,91.32059165080906,96.71601392521113,98.7526584345043,96.0,99.0,110.0
155.9763,91.32059165080906,96.71601392521113,98.7526584345043,96.0,99.0,110.0
156.1387,91.32059165080906,96.71601392521113,98.7526584345043,96.0,99.0,110.0
156.1387,91.32059165080906,96.71601392521113,98.7526584345043,96.0,99.0,110.0
156.3033,91.94469412348084,97.01583771840949,99.66411334471435,96.0,99.0,110.0
156.3033,91.94469412348084,97.01583771840949,99.66411334471435,96.0,99.0,110.0
156.4669,91.94469412348084,97.01583771840949,99.66411334471435,96.0,99.0,110.0
156.4669,91.94469412348084,97.01583771840949,99.66411334471435,96.0,99.0,110.0
156.633,91.32059165080906,96.71601392521113,98.7526584345043,96.0,99.0,110.0
156.633,91.32059165080906,96.71601392521113,98.7526584345043,96.0,99.0,110.0
156.7941,91.32059165080906,96.71601392521113,98.7526584345043,96.0,99.0,110.0
156.7941,91.32059165080906,96.71601392521113,98.7526584345043,96.0,99.0,110.0
156.9569,90.82849126237198,97.73374580713059,98.7526584345043,96.0,99.0,110.0
156.9569,90.82849126237198,97.73374580713059,98.7526584345043,96.0,99.0,110.0
157.1207,91.94469412348084,97.01583771840949,99.66411334471435,96.0,99.0,110.0
157.1207,91.94469412348084,97.01583771840949,99.66411334471435,96.0,99.0,110.0
157.2843,91.94469412348084,97.01583771840949,99.66411334471435,96.0,99.0,110.0
157.2843,91.94469412348084,97.01583771840949,99.66411334471435,96.0,99.0,110.0
157.4483,91.94469412348084,97.01583771840949,99.66411334471435,96.0,99.0,110.0
157.4483,91.94469412348084,97.01583771840949,99.66411334471435,96.0,99.0,110.0
157.6116,91.94469412348084,97.01583771840949,99.66411334471435,96.0,99.0,110.0
157.6116,91.94469412348084,97.01583771840949,99.66411334471435,96.0,99.0,110.0
157.7734,91.80515790412835,96.94880340848964,98.92084547455248,96.0,99.0,110.0
157.7734,91.80515790412835,96.94880340848964,98.92084547455248,96.0,99.0,110.0
157.9368,91.94469412348084,97.01583771840949,99.66411334471435,96.0,99.0,110.0
157.9368,91.94469412348084,97.01583771840949,99.66411334471435,96.0,99.0,110.0
158.0995,91.94469412348084,97.01583771840949,99.66411334471435,96.0,99.0,110.0
158.0995,91.94469412348084,97.01583771840949,99.66411334471435,96.0,99.0,110.0
158.2615,91.32059165080906,96.71601392521113,98.7526584345043,96.0,99.0,110.0
158.2615,91.32059165080906,96.71601392521113,98.7526584345043,96.0,99.0,110.0
158.4278,91.94469412348084,97.01583771840949,99.66411334471435,96.0,99.0,110.0
158.4278,91.94469412348084,97.01583771840949,99.66411334471435,96.0,99.0,110.0
158.5887,91.94469412348084,97.01583771840949,99.66411334471435,96.0,99.0,110.0
158.5887,91.94469412348084,97.01583771840949,99.66411334471435,96.0,99.0,110.0
158.7528,91.94469412348084,97.01583771840949,99.66411334471435,96.0,99.0,110.0
158.7528,91.94469412348084,97.01583771840949,99.66411334471435,96.0,99.0,110.0
158.9143,92.56463029634756,97.31365998803462,100.57906104485653,96.0,99.0,110.0
158.9143,92.56463029634756,97.31365998803462,100.57906104485653,96.0,99.0,110.0
159.0784,91.32059165080906,96.71601392521113,98.7526584345043,96.0,99.0,110.0
159.0784,91.32059165080906,96.71601392521113,98.7526584345043,96.0,99.0,110.0
159.243,92.42848685483244,97.24825559558062,99.83501917048874,96.0,99.0,110.0
159.243,92.42848685483244,97.24825559558062,99.83501917048874,96.0,99.0,110.0
159.4119,91.32059165080906,96.71601392521113,98.7526584345043,96.0,99.0,110.0
159.4119,91.32059165080906,96.71601392521113,98.7526584345043,96.0,99.0,110.0
159.5746,91.94469412348084,97.01583771840949,99.66411334471435,96.0,99.0,110.0
159.5746,91.94469412348084,97.01583771840949,99.66411334471435,96.0,99.0,110.0
159.736,91.80515790412835,96.94880340848964,98.92084547455248,96.0,99.0,110.0
159.736,91.80515790412835,96.94880340848964,98.92084547455248,96.0,99.0,110.0
159.8975,91.32059165080906,96.71601392521113,98.7526584345043,96.0,99.0,110.0
159.8975,91.32059165080906,96.71601392521113,98.7526584345043,96.0,99.0,110.0
160.0596,91.94469412348084,97.01583771840949,99.66411334471435,96.0,99.0,110.0
160.0596,91.94469412348084,97.01583771840949,99.66411334471435,96.0,99.0,110.0
160.2211,91.32059165080906,96.71601392521113,98.7526584345043,96.0,99.0,110.0
160.2211,91.32059165080906,96.71601392521113,98.7526584345043,96.0,99.0,110.0
160.3837,91.94469412348084,97.01583771840949,99.66411334471435,96.0,99.0,110.0
160.3837,91.94469412348084,97.01583771840949,99.66411334471435,96.0,99.0,110.0
160.5475,91.32059165080906,96.71601392521113,98.7526584345043,96.0,99.0,110.0
160.5475,91.32059165080906,96.71601392521113,98.7526584345043,96.0,99.0,110.0
160.7138,91.94469412348084,97.01583771840949,99.66411334471435,96.0,99.0,110.0
160.7138,91.94469412348084,97.01583771840949,99.66411334471435,96.0,99.0,110.0
160.8802,91.94469412348084,97.01583771840949,99.66411334471435,96.0,99.0,110.0
160.8802,91.94469412348084,97.01583771840949,99.66411334471435,96.0,99.0,110.0
161.041,91.94469412348084,97.01583771840949,99.66411334471435,96.0,99.0,110.0
161.041,91.94469412348084,97.01583771840949,99.66411334471435,96.0,99.0,110.0
161.2027,91.94469412348084,97.01583771840949,99.66411334471435,96.0,99.0,110.0
161.2027,91.94469412348084,97.01583771840949,99.66411334471435,96.0,99.0,110.0
161.367,91.94469412348084,97.01583771840949,99.66411334471435,96.0,99.0,110.0
161.367,91.94469412348084,97.01583771840949,99.66411334471435,96.0,99.0,110.0
161.5288,91.94469412348084,97.01583771840949,99.66411334471435,96.0,99.0,110.0
161.5288,91.94469412348084,97.01583771840949,99.66411334471435,96.0,99.0,110.0
161.6919,92.56463029634756,97.31365998803462,100.57906104485653,96.0,99.0,110.0
161.6919,92.56463029634756,97.31365998803462,100.57906104485653,96.0,99.0,110.0
161.8533,91.94469412348084,97.01583771840949,99.66411334471435,96.0,99.0,110.0
161.8533,91.94469412348084,97.01583771840949,99.66411334471435,96.0,99.0,110.0
162.017,91.94469412348084,97.01583771840949,99.66411334471435,96.0,99.0,110.0
162.017,91.94469412348084,97.01583771840949,99.66411334471435,96.0,99.0,110.0
162.1787,91.94469412348084,97.01583771840949,99.66411334471435,96.0,99.0,110.0
162.1787,91.94469412348084,97.01583771840949,99.66411334471435,96.0,99.0,110.0
162.3421,91.32059165080906,96.71601392521113,98.7526584345043,96.0,99.0,110.0
162.3421,91.32059165080906,96.71601392521113,98.7526584345043,96.0,99.0,110.0
162.5039,91.94469412348084,97.01583771840949,99.66411334471435,96.0,99.0,110.0
162.5039,91.94469412348084,97.01583771840949,99.66411334471435,96.0,99.0,110.0
